{"count":1,"self":512.024576,"total":588.7046455,"children":{"InitializeActuators":{"count":1900,"self":0.0224175,"total":0.0224175,"children":null},"InitializeSensors":{"count":1900,"self":0.12112179999999999,"total":0.12112179999999999,"children":null},"AgentSendState":{"count":29388,"self":23.376067199999998,"total":23.7930288,"children":{"CollectObservations":{"count":201308,"self":0.12003609999999999,"total":0.12003609999999999,"children":null},"WriteActionMask":{"count":201308,"self":0.1257656,"total":0.1257656,"children":null},"RequestDecision":{"count":201308,"self":0.1711607,"total":0.1711607,"children":null}}},"DecideAction":{"count":29388,"self":45.278735999999995,"total":47.8244438,"children":{"RayPerceptionSensor.Perceive":{"count":402616,"self":2.5457084,"total":2.5457084,"children":null}}},"AgentAct":{"count":29388,"self":4.9160812,"total":4.9160812,"children":null}},"gauges":{"Agent_Logic.CumulativeReward":{"count":52,"max":0,"min":-0.04150013,"runningAverage":-0.00733268866,"value":-0.0057999976,"weightedAverage":-0.003958484}},"metadata":{"timer_format_version":"0.1.0","start_time_seconds":"1749740135","unity_version":"2022.3.45f1","command_line_arguments":"C:\\MLAgent\\MLAgent2\\Bilds\\MLAgent2.exe","communication_protocol_version":"1.5.0","com.unity.ml-agents_version":"2.0.1","scene_name":"MLAgentScene","end_time_seconds":"1749740724"}}